https://ghp.minpeter.xyz/home-lab/안쓰는-노트북을-proxmox-서버로-이용하기,https://minpeter.xyz/blog/use-laptop-proxmox-server,301,,,,
https://ghp.minpeter.xyz/home-lab/kubernetes-on-proxmox-1-ubuntu-22-04-server-template-만들기,https://minpeter.xyz/blog/k8s-via-proxmox-1,301,,,,
https://ghp.minpeter.xyz/home-lab/kubernetes-on-proxmox-2-worker-node-master-node-설정,https://minpeter.xyz/blog/k8s-via-proxmox-2,301,,,,
https://ghp.minpeter.xyz/uncategorized/백엔드에서-client의-ip를-로깅하는-방법,https://minpeter.xyz/blog/how-loggin-real-ip,301,,,,
https://ghp.minpeter.xyz/uncategorized/go언어-http-클라이언트-작성,https://minpeter.xyz/blog/go-http-client,301,,,,
https://ghp.minpeter.xyz/uncategorized/jenkins-on-kernetes-with-openebs,https://minpeter.xyz/blog/jenkins-kernetes-openebs,301,,,,
https://ghp.minpeter.xyz/uncategorized/wsl-arch-distro-설정,https://minpeter.xyz/blog/wsl-arch-distro-setting,301,,,,
https://ghp.minpeter.xyz/home-lab/%EC%B4%9D%EC%A0%95%EB%A6%AC-traefik-proxy,https://minpeter.xyz/blog/traefik-proxy-setting,301,,,,
https://ghp.minpeter.xyz/uncategorized/git-default-branch-%EC%84%A4%EC%A0%95-%EB%B3%80%EA%B2%BD,https://minpeter.xyz/blog/git-default-branch-setting,301,,,,
https://ghp.minpeter.xyz/,https://minpeter.xyz/blog,301,,,,
https://ghp.minpeter.xyz/uncategorized/github-signed-commit,https://minpeter.xyz/blog/github-signed-commit,301,,,,
https://ghp.minpeter.xyz/uncategorized/apt-vs-dnf-snap-vs-flatpak,https://minpeter.xyz/blog/snap-flatpak,301,,,,
https://ghp.minpeter.xyz/uncategorized/nvm%EC%9D%84-%EC%9D%B4%EC%9A%A9%ED%95%9C-node%EB%B2%84%EC%A0%84%EA%B4%80%EB%A6%AC,https://minpeter.xyz/blog/use-nvm-node,301,,,,
https://ghp.minpeter.xyz/uncategorized/stack-%EC%84%9C%EB%B9%84%EC%8A%A4%EB%A5%BC-%EC%99%B8%EB%B6%80%EC%97%90%EC%84%9C-%EC%82%AC%EC%9A%A9%ED%95%98%EA%B8%B0,https://minpeter.xyz/blog/use-stack-service-externally,301,,,,
https://ghp.minpeter.xyz/uncategorized/docker-stack-visualizer,https://minpeter.xyz/blog/docker-stack-visualizer,301,,,,
https://ghp.minpeter.xyz/uncategorized/swarm%EC%9D%98-compose-stack,https://minpeter.xyz/blog/swarm-compose-stack,301,,,,
https://ghp.minpeter.xyz/uncategorized/docker-swarm-orchestration,https://minpeter.xyz/blog/docker-swarm-orchestration,301,,,,
https://ghp.minpeter.xyz/uncategorized/edge%EC%9D%98-%EB%8F%85%EC%9E%AC%EC%97%90%EC%84%9C-%EB%B2%97%EC%96%B4%EB%82%98%EA%B8%B0-til,https://minpeter.xyz/blog/esc-from-edge,301,,,,
https://ghp.minpeter.xyz/uncategorized/pi-hole%EC%9D%84-%EC%9D%B4%EC%9A%A9%ED%95%9C-%EA%B4%91%EA%B3%A0-%EC%A0%9C%EA%B1%B0,https://minpeter.xyz/blog/remove-ads-using-pihole,301,,,,